,accuracy,accuracy_percent
Sin escalar,0.810126582278481,81.01
Estandarizado (Z-score),0.7468354430379747,74.68
Normalizado (Min-Max),0.7341772151898734,73.42
